Workbook

Sheet Statistics
A1: Error class | B1: Subcategory | C1: Instances | D1: Share of class | E1: Percentage of Share of class
A2: (a) Entity Mistranslation | B2: Entity mistranslation | C2: =COUNTIF('(a) Entity Mistranslation'!E2:E1000,"Entity mistranslation") -> 64 | D2: =C2/COUNTA('(a) Entity Mistranslation'!A2:A1000) -> 0.61538462 | E2: =SUM(D2:D9) -> 1
B3: Value simplified | C3: =COUNTIF('(a) Entity Mistranslation'!E2:E1000,"Value simplified") -> 19 | D3: =C3/COUNTA('(a) Entity Mistranslation'!A2:A1000) -> 0.18269231
B4: MT garble | C4: =COUNTIF('(a) Entity Mistranslation'!E2:E1000,"MT garble") -> 9 | D4: =C4/COUNTA('(a) Entity Mistranslation'!A2:A1000) -> 0.086538462
B5: Value distorted | C5: =COUNTIF('(a) Entity Mistranslation'!E2:E1000,"Value distorted") -> 6 | D5: =C5/COUNTA('(a) Entity Mistranslation'!A2:A1000) -> 0.057692308
B6: Entity substitution | C6: =COUNTIF('(a) Entity Mistranslation'!E2:E1000,"Entity substitution") -> 2 | D6: =C6/COUNTA('(a) Entity Mistranslation'!A2:A1000) -> 0.019230769
B7: Value lost in translation | C7: =COUNTIF('(a) Entity Mistranslation'!E2:E1000,"Value lost in translation") -> 2 | D7: =C7/COUNTA('(a) Entity Mistranslation'!A2:A1000) -> 0.019230769
B8: Inconsistent translation | C8: =COUNTIF('(a) Entity Mistranslation'!E2:E1000,"Inconsistent translation") -> 1 | D8: =C8/COUNTA('(a) Entity Mistranslation'!A2:A1000) -> 0.0096153846
B9: Entity mistranslation + condition dropped | C9: =COUNTIF('(a) Entity Mistranslation'!E2:E1000,"Entity mistranslation + condition dropped") -> 1 | D9: =C9/COUNTA('(a) Entity Mistranslation'!A2:A1000) -> 0.0096153846
A10: (b) Value Typo / Error | B10: Number mismatch | C10: =COUNTIF('(b) Value Typo-Error'!E2:E1000,"Number mismatch") -> 9 | D10: =C10/COUNTA('(b) Value Typo-Error'!A2:A1000) -> 0.75 | E10: =SUM(D10:D11) -> 1
B11: Value typo | C11: =COUNTIF('(b) Value Typo-Error'!E2:E1000,"Value typo") -> 3 | D11: =C11/COUNTA('(b) Value Typo-Error'!A2:A1000) -> 0.25
A12: (c) Added-Dropped Columns & Constraints | B12: Condition dropped | C12: =COUNTIF('(c) Added-Dropped Constraints'!E2:E1000,"Condition dropped") -> 10 | D12: =C12/COUNTA('(c) Added-Dropped Constraints'!A2:A1000) -> 0.37037037 | E12: =SUM(D12:D17) -> 1
B13: Number dropped | C13: =COUNTIF('(c) Added-Dropped Constraints'!E2:E1000,"Number dropped") -> 6 | D13: =C13/COUNTA('(c) Added-Dropped Constraints'!A2:A1000) -> 0.22222222
B14: Value dropped | C14: =COUNTIF('(c) Added-Dropped Constraints'!E2:E1000,"Value dropped") -> 6 | D14: =C14/COUNTA('(c) Added-Dropped Constraints'!A2:A1000) -> 0.22222222
B15: Truncated question | C15: =COUNTIF('(c) Added-Dropped Constraints'!E2:E1000,"Truncated question") -> 2 | D15: =C15/COUNTA('(c) Added-Dropped Constraints'!A2:A1000) -> 0.074074074
B16: Value dropped / truncated question | C16: =COUNTIF('(c) Added-Dropped Constraints'!E2:E1000,"Value dropped / truncated question") -> 2 | D16: =C16/COUNTA('(c) Added-Dropped Constraints'!A2:A1000) -> 0.074074074
B17: Semantics inverted | C17: =COUNTIF('(c) Added-Dropped Constraints'!E2:E1000,"Semantics inverted") -> 1 | D17: =C17/COUNTA('(c) Added-Dropped Constraints'!A2:A1000) -> 0.037037037
A18: (d) Transliteration Mismatch | B18: Transliteration mismatch | C18: =COUNTIF('(d) Transliteration Mismatch'!E2:E1000,"Transliteration mismatch") -> 2 | D18: =C18/COUNTA('(d) Transliteration Mismatch'!A2:A1000) -> 0.33333333 | E18: =SUM(D18:D20) -> 1
B19: Transliteration typo | C19: =COUNTIF('(d) Transliteration Mismatch'!E2:E1000,"Transliteration typo") -> 2 | D19: =C19/COUNTA('(d) Transliteration Mismatch'!A2:A1000) -> 0.33333333
B20: Transliteration/typo | C20: =COUNTIF('(d) Transliteration Mismatch'!E2:E1000,"Transliteration/typo") -> 2 | D20: =C20/COUNTA('(d) Transliteration Mismatch'!A2:A1000) -> 0.33333333
C21: =SUM(C2:C20) -> 149

Sheet (a) Entity Mistranslation
A1: Index | B1: Split | C1: Sample Index | D1: Database | E1: Subcategory | F1: Arabic question | G1: Gold SQL
A2: 1 | B2: dev | C2: 66 | D2: car_1 | E2: Value simplified | F2: ما هو تسارع السيارة sportabout؟ | G2: SELECT T1.Accelerate FROM CARS_DATA AS T1 JOIN CAR_NAMES AS T2 ON T1.Id = T2.MakeId WHERE T2.Make = 'amc hornet sportabout (sw)';
A3: 2 | B3: dev | C3: 218 | D3: battle_death | E3: MT garble | F3: كم سفينة التي حالة التصفر بها هي تم الحجز؟ | G3: SELECT count(*) FROM ship WHERE disposition_of_ship = 'Captured'
A4: 3 | B4: dev | C4: 347 | D4: tvshow | E4: Inconsistent translation | F4: متى بدأ بث الحلقة "حب للأبد"؟ | G4: SELECT Air_Date FROM TV_series WHERE Episode = "A Love of a Lifetime";
A5: 4 | B5: dev | C5: 424 | D5: world_1 | E5: Entity mistranslation | F5: ما هي اللغة الأكثر انتشارا في أوروبا؟ | G5: SELECT T2.Language FROM country AS T1 JOIN countrylanguage AS T2 ON T1.Code = T2.CountryCode WHERE T1.Name = "Aruba" ORDER BY Percentage DESC LIMIT 1
A6: 5 | B6: dev | C6: 425 | D6: world_1 | E6: Entity mistranslation | F6: ما هي اللغة الأكثر تداولا في أوروبا؟ | G6: SELECT T2.Language FROM country AS T1 JOIN countrylanguage AS T2 ON T1.Code = T2.CountryCode WHERE T1.Name = "Aruba" ORDER BY Percentage DESC LIMIT 1
A7: 6 | B7: dev | C7: 448 | D7: world_1 | E7: Entity mistranslation | F7: ما هو إجمالي عدد اللغات المستخدمة في قارة أوروبا؟ | G7: SELECT COUNT(T2.Language) FROM country AS T1 JOIN countrylanguage AS T2 ON T1.Code = T2.CountryCode WHERE T1.Name = "Aruba"
A8: 7 | B8: dev | C8: 449 | D8: world_1 | E8: Entity mistranslation | F8: كم عدد اللغات المستخدمة في قارة أوروبا؟ | G8: SELECT COUNT(T2.Language) FROM country AS T1 JOIN countrylanguage AS T2 ON T1.Code = T2.CountryCode WHERE T1.Name = "Aruba"
A9: 8 | B9: dev | C9: 696 | D9: flight_2 | E9: Value distorted | F9: كم عدد رحلات شركة الخطوط الأمريكية المتحدة المتجهة إلى مطار "ASY"؟ | G9: SELECT count(*) FROM AIRLINES AS T1 JOIN FLIGHTS AS T2 ON T2.Airline = T1.uid WHERE T1.Airline = "United Airlines" AND T2.DestAirport = "ASY"
A10: 9 | B10: dev | C10: 697 | D10: flight_2 | E10: Value distorted | F10: احسب عدد الرحلات الجوية لشركة الخطوط الأمريكية الواردة عبر مطار ASY. | G10: SELECT count(*) FROM AIRLINES AS T1 JOIN FLIGHTS AS T2 ON T2.Airline = T1.uid WHERE T1.Airline = "United Airlines" AND T2.DestAirport = "ASY"
A11: 10 | B11: dev | C11: 698 | D11: flight_2 | E11: Value distorted | F11: كم عدد الرحلات الجوية لشركة الخطوط الأمريكية المتحدة المغادرة من مطار "AHD"؟ | G11: SELECT count(*) FROM AIRLINES AS T1 JOIN FLIGHTS AS T2 ON T2.Airline = T1.uid WHERE T1.Airline = "United Airlines" AND T2.SourceAirport = "AHD"
A12: 11 | B12: dev | C12: 699 | D12: flight_2 | E12: Value distorted | F12: عدد الرحلات الجوية لشركة الخطوط الأمريكية المغادرة من مطار "AHD"؟. | G12: SELECT count(*) FROM AIRLINES AS T1 JOIN FLIGHTS AS T2 ON T2.Airline = T1.uid WHERE T1.Airline = "United Airlines" AND T2.SourceAirport = "AHD"
A13: 12 | B13: dev | C13: 700 | D13: flight_2 | E13: Value distorted | F13: كم عدد طائرات الخطوط الجوية المتحدة المتجهة إلى مدينة "أبردين"؟ | G13: SELECT count(*) FROM FLIGHTS AS T1 JOIN AIRPORTS AS T2 ON T1.DestAirport = T2.AirportCode JOIN AIRLINES AS T3 ON T3.uid = T1.Airline WHERE T2.City = "Aberdeen" AND T3.Airline = "United Airlines"
... A105: 104 | B105: train | C105: 8121 | D105: cinema | E105: Entity mistranslation | F105: كم فيلم يحتوي كلمة "الصنم" في عنوانه؟ | G105: SELECT count(*) FROM film WHERE title LIKE "%Dummy%"

Sheet (b) Value Typo-Error
A1: Index | B1: Split | C1: Sample Index | D1: Database | E1: Subcategory | F1: Arabic question | G1: Gold SQL
A2: 1 | B2: dev | C2: 681 | D2: flight_2 | E2: Value typo | F2: أعد كتابة أسم المطار الذي رمز المطار هو "ACO" | G2: SELECT AirportName FROM AIRPORTS WHERE AirportCode = "AKO"
A3: 2 | B3: train | C3: 1576 | D3: formula_1 | E3: Number mismatch | F3: ما هي أقصى سرعة جولة في السباقات التي تم عقدها بعد عام 2004 مجمعة حسب اسم السباق ومرتبة حسب السنة؟ | G3: SELECT max(T2.fastestlapspeed) , T1.name , T1.year FROM races AS T1 JOIN results AS T2 ON T1.raceid = T2.raceid WHERE T1.year > 2014 GROUP BY T1.name ORDER BY T1.year
A4: 3 | B4: train | C4: 1577 | D4: formula_1 | E4: Number mismatch | F4: لكل اسم السباق، ما هو أقصى سرعة جولة للسباقات بعد عام 2004 مرتبة حسب السنة؟ | G4: SELECT max(T2.fastestlapspeed) , T1.name , T1.year FROM races AS T1 JOIN results AS T2 ON T1.raceid = T2.raceid WHERE T1.year > 2014 GROUP BY T1.name ORDER BY T1.year
A5: 4 | B5: train | C5: 1578 | D5: formula_1 | E5: Number mismatch | F5: ما هي معدلات أسرع جولة في السباقات التي تم عقدها بعد عام 2004 مجمعة حسب اسم السباق ومرتبة حسب السنة؟ | G5: SELECT avg(T2.fastestlapspeed) , T1.name , T1.year FROM races AS T1 JOIN results AS T2 ON T1.raceid = T2.raceid WHERE T1.year > 2014 GROUP BY T1.name ORDER BY T1.year
A6: 5 | B6: train | C6: 1579 | D6: formula_1 | E6: Number mismatch | F6: ما هو متوسط سرعة الجولة الأسرع للسباقات التي تم عقدها بعد عام 2004، لكل سباق، مرتبة حسب السنة؟ | G6: SELECT avg(T2.fastestlapspeed) , T1.name , T1.year FROM races AS T1 JOIN results AS T2 ON T1.raceid = T2.raceid WHERE T1.year > 2014 GROUP BY T1.name ORDER BY T1.year
A7: 6 | B7: train | C7: 1790 | D7: movie_1 | E7: Number mismatch | F7: ما هي أسماء المراجعين الذين تقيموا بنجمتين وأربعة نجوم؟ | G7: SELECT T2.name FROM Rating AS T1 JOIN Reviewer AS T2 ON T1.rID = T2.rID WHERE T1.stars = 3 INTERSECT SELECT T2.name FROM Rating AS T1 JOIN Reviewer AS T2 ON T1.rID = T2.rID WHERE T1.stars = 4
A8: 7 | B8: train | C8: 6542 | D8: products_for_hire | E8: Number mismatch | F8: ما هو معرف المنتج الذي تم حجزه مرتين؟ | G8: SELECT product_id FROM products_booked GROUP BY product_id HAVING count(*) = 3
A9: 8 | B9: train | C9: 7092 | D9: student_1 | E9: Number mismatch | F9: ما هي الفصول التي يستخدمها الصف الخامس؟ | G9: SELECT DISTINCT classroom FROM list WHERE grade = 4
A10: 9 | B10: train | C10: 7502 | D10: city_record | E10: Number mismatch | F10: من فضلك أعطني قائمة بالمدن التي يزيد عدد سكانها الإقليمي عن 8000000 أو أقل من 5000000. | G10: SELECT city FROM city WHERE regional_population > 10000000 UNION SELECT city FROM city WHERE regional_population < 5000000
A11: 10 | B11: train | C11: 7503 | D11: city_record | E11: Number mismatch | F11: ما هي المدن التي يزيد عدد سكانها عن 8000000 أو أقل من 5000000؟ | G11: SELECT city FROM city WHERE regional_population > 10000000 UNION SELECT city FROM city WHERE regional_population < 5000000
A12: 11 | B12: train | C12: 7585 | D12: driving_school | E12: Value typo | F12: كم عدد الدروس التي أكملها العميل Ryan Goodwin؟ | G12: SELECT count(*) FROM Lessons AS T1 JOIN Customers AS T2 ON T1.customer_id = T2.customer_id WHERE T2.first_name = "Rylan" AND T2.last_name = "Goodwin" AND T1.lesson_status_code = "Completed";
A13: 12 | B13: train | C13: 8594 | D13: scientist_1 | E13: Value typo | F13: أسماء أي من العلماء الذين عملوا على مشاريع تسمى "Matter of Time" و"A Puzzling Pattern"؟ | G13: SELECT T3.name FROM assignedto AS T1 JOIN projects AS T2 ON T1.project = T2.code JOIN scientists AS T3 ON T1.scientist = T3.SSN WHERE T2.name = 'Matter of Time' INTERSECT SELECT T3.name FROM assignedto AS T1 JOIN projects AS T2 ON T1.project = T2.code JOIN scientists AS T3 ON T1.scientist = T3.SSN WHERE T2.name = 'A Puzzling Parallax'

Sheet (c) Added-Dropped Constraints
A1: Index | B1: Split | C1: Sample Index | D1: Database | E1: Subcategory | F1: Arabic question | G1: Gold SQL
A2: 1 | B2: train | C2: 77 | D2: bike_1 | E2: Number dropped | F2: ﻣﺎ ﻫﻲ اﻟﺘﻮاﺭﻳﺦ اﻟﺘﻲ ﺗﺤﺘﻮﻱ ﻋﻠﻰ ﺃﻋﻠﻰ ﻣﻌﺪﻻﺕ اﻟﻐﻄﺎء اﻟﺴﺤﺎﺑﻲ ﻭﻣﺎ ﻫﻲ اﻟﻤﻌﺪﻻﺕ؟ | G2: SELECT date , cloud_cover FROM weather ORDER BY cloud_cover DESC LIMIT 5
A3: 2 | B3: train | C3: 79 | D3: bike_1 | E3: Number dropped | F3: ﻣﺎ ﻫﻲ اﻟﻤﻌﺮﻓﺎﺕ ﻟﻠﺮﺣﻼﺕ اﻟﺘﻲ ﺃﺧﺬﺕ ﺃﻃﻮﻝ ﻭﻗﺖ ﻭﻛﻢ ﻣﺪﺓ ﺃﺧﺬﺕ؟ | G3: SELECT id , duration FROM trip ORDER BY duration DESC LIMIT 3
A4: 3 | B4: train | C4: 99 | D4: bike_1 | E4: Number dropped | F4: ﻣﺎ ﻫﻲ ﺃﺳﻤﺎء اﻟﻤﺤﻄﺎﺕ اﻟﺘﻲ ﺗﻘﻊ ﻓﻲ ﺑﺎﻟﻮ ﺃﻟﺘﻮ ﻭﻟﻢ ﺗﻜﻦ ﻧﻘﻄﺔ اﻟﻮﺻﻮﻝ اﻟﻨﻬﺎﺋﻴﺔ ﻟﻠﺮﺣﻼﺕ؟ | G4: SELECT name FROM station WHERE city = "Palo Alto" EXCEPT SELECT end_station_name FROM trip GROUP BY end_station_name HAVING count(*) > 100
A5: 4 | B5: train | C5: 228 | D5: flight_1 | E5: Number dropped | F5: ﻣﺎ ﻫﻲ ﺃﺭﻗﺎﻡ اﻟﺮﺣﻼﺕ اﻷﻗﺼﺮ؟ | G5: SELECT flno FROM Flight ORDER BY distance ASC LIMIT 3
A6: 5 | B6: train | C6: 370 | D6: store_1 | E6: Number dropped | F6: ما هي أسماء البلدان ومتوسط حجم الفاتورة لأكبر البلدان حسب الحجم؟ | G6: SELECT billing_country , AVG(total) FROM invoices GROUP BY billing_country ORDER BY AVG(total) DESC LIMIT 10;
A7: 6 | B7: train | C7: 1851 | D7: inn_1 | E7: Value dropped | F7: ما هو إجمالي عدد الأسرة المتوفرة؟ | G7: SELECT sum(beds) FROM Rooms WHERE bedtype = 'King';
A8: 7 | B8: train | C8: 1890 | D8: inn_1 | E8: Value dropped | F8: اعرض اسماء الغرف التي تحتوي على سرير ملك أو ملكة. | G8: SELECT roomName FROM Rooms WHERE bedType = "King" OR bedType = "Queen";
A9: 8 | B9: train | C9: 1891 | D9: inn_1 | E9: Value dropped | F9: اسماء الغرف التي تحتوي على سرير ملك أو ملكة؟ | G9: SELECT roomName FROM Rooms WHERE bedType = "King" OR bedType = "Queen";
A10: 9 | B10: train | C10: 1986 | D10: election | E10: Truncated question | F10: ما هي اسماء الأحزاب التي لديها مندوبين في لجنة "المخصصات" و | G10: SELECT T2.Party FROM election AS T1 JOIN party AS T2 ON T1.Party = T2.Party_ID WHERE T1.Committee = "Appropriations" INTERSECT SELECT T2.Party FROM election AS T1 JOIN party AS T2 ON T1.Party = T2.Party_ID WHERE T1.Committee = "Economic Matters"
A11: 10 | B11: train | C11: 1987 | D11: election | E11: Truncated question | F11: ما هي الأحزاب التي لديها مندوبين في كلا اللجنتين "المخصصات" و "الاقتصاد"؟ | G11: SELECT T2.Party FROM election AS T1 JOIN party AS T2 ON T1.Party = T2.Party_ID WHERE T1.Committee = "Appropriations" INTERSECT SELECT T2.Party FROM election AS T1 JOIN party AS T2 ON T1.Party = T2.Party_ID WHERE T1.Committee = "Economic Matters"
A12: 11 | B12: train | C12: 2418 | D12: music_1 | E12: Value dropped | F12: ما هي أسماء الأغاني التي تملك تقييم أقل من تقييم كل الأغاني | G12: SELECT song_name FROM song WHERE rating < (SELECT min(rating) FROM song WHERE languages = 'english')
A13: 12 | B13: train | C13: 2934 | D13: tracking_grants_for_research | E13: Condition dropped | F13: اذكر تاريخ بدأ و انتهاء عمل الموظفين: موظفو المشروع الذي يوظف اكبر عدد من الطاقم. | G13: SELECT date_from , date_to FROM Project_Staff WHERE project_id IN( SELECT project_id FROM Project_Staff GROUP BY project_id ORDER BY count(*) DESC LIMIT 1 ) UNION SELECT date_from , date_to FROM Project_Staff WHERE role_code = 'leader'
... A28: 27 | B28: train | C28: 8458 | D28: college_3 | E28: Value dropped | F28: ما هو الاسم الكامل للمدرس الذي لديه دورة باسم الثقافة الحاسوبية؟ | G28: SELECT T2.Fname , T2.Lname FROM COURSE AS T1 JOIN FACULTY AS T2 ON T1.Instructor = T2.FacID WHERE T1.CName = "COMPUTER LITERACY"

Sheet (d) Transliteration Mismatch
A1: Index | B1: Split | C1: Sample Index | D1: Database | E1: Subcategory | F1: Arabic question | G1: Gold SQL
A2: 1 | B2: dev | C2: 998 | D2: network_1 | E2: Transliteration mismatch | F2: كم عدد الاعجابات الخاص بكيلي؟ | G2: SELECT count(*) FROM Likes AS T1 JOIN Highschooler AS T2 ON T1.student_id = T2.id WHERE T2.name = "Kyle"
A3: 2 | B3: train | C3: 410 | D3: store_1 | E3: Transliteration mismatch | F3: في أي بلد يعيش بيرو ألمييدا؟ | G3: SELECT country FROM customers WHERE first_name = "Roberto" AND last_name = "Almeida";
A4: 3 | B4: train | C4: 3738 | D4: products_gen_characteristics | E4: Transliteration/typo | F4: ما هو وصف لون المنتج المسمى النعاع البري؟ | G4: SELECT t2.color_description FROM products AS t1 JOIN ref_colors AS t2 ON t1.color_code = t2.color_code WHERE t1.product_name = "catnip"
A5: 4 | B5: train | C5: 3739 | D5: products_gen_characteristics | E5: Transliteration/typo | F5: أعطني وصف لون المنتج الذي يحمل الاسم النعاع البري؟ | G5: SELECT t2.color_description FROM products AS t1 JOIN ref_colors AS t2 ON t1.color_code = t2.color_code WHERE t1.product_name = "catnip"
A6: 5 | B6: train | C6: 4870 | D6: geo | E6: Transliteration typo | F6: السكان في بودلر. | G6: SELECT population FROM city WHERE city_name = "boulder";
A7: 6 | B7: train | C7: 8439 | D7: college_3 | E7: Transliteration typo | F7: جدول الأسماء الأخيرة للموظفين في مبنى بارتو بالترتيب الأبجدي. | G7: SELECT Lname FROM FACULTY WHERE Building = "Barton" ORDER BY Lname
